MVS_NAME,Shape_Area,veg_perc
"Cleared, non-native vegetation, buildings",3393410.4949165457,0.9303484385599818
"Eucalyptus woodlands with ferns, herbs, sedges, rushes or wet tussock grassland",229657.54633123925,0.06296365852373534
"Low closed forest or tall closed shrublands (including Acacia, Melaleuca and Banksia)",5980.138264515954,0.0016395341221168832
"Mixed chenopod, samphire +/- forbs",8235.889933083377,0.0022579783232456914
Temperate tussock grasslands,10177.842963430188,0.002790390470920272
