MVS_NAME,Shape_Area,veg_perc
"Cleared, non-native vegetation, buildings",5585500.381731507,0.8668101909688323
"Eucalyptus woodlands with ferns, herbs, sedges, rushes or wet tussock grassland",201379.09871317446,0.031251892056730145
"Low closed forest or tall closed shrublands (including Acacia, Melaleuca and Banksia)",37025.116521907345,0.005745903881408151
Mangroves,103929.21208325063,0.016128707191171255
"Mixed chenopod, samphire +/- forbs",459906.1521191538,0.0713725382331032
Temperate tussock grasslands,56001.056098700945,0.008690767668755065
